entity_id,entity_type,canonical_name,alternate_names,primary_contact,email,country,metadata
D001,developer,VerdeNova Solutions,"['Verdenova', 'Verde Nova']",Ana Ribeiro,ana.ribeiro@verdenova.fake,Brazil,"{""project_type"": ""ARR"", ""status"": ""Feasibility"", ""hectares"": 1200.0, ""credits"": 4800.0}"
D002,developer,EquiForests Ltd,"['EquiForests', 'Equi Forests']",Diego Flores,diego.f@equiforests.fake,Peru,"{""project_type"": ""ARR"", ""status"": ""Feasibility"", ""hectares"": 850.0, ""credits"": 3400.0}"
D003,developer,BlueCanyon Agro,['Blue Canyon Agro'],Marites Cruz,marites.cruz@bluec.fake,Philippines,"{""project_type"": ""AWD (rice)"", ""status"": ""Validation Pending"", ""hectares"": NaN, ""credits"": NaN}"
D004,developer,SteppeRestore,"['Stepperestore', 'Steppe Restore LLC']",Sergey Ivanov,sergey.ivanov@stepperestore.fake,Kazakhstan,"{""project_type"": ""ARR + Timber"", ""status"": ""Pipeline"", ""hectares"": 2500.0, ""credits"": 10000.0}"
D005,developer,NorthernMethaneFix,['Northern Methane Fix'],Batjargal Enkh,bat.enkh@northernmethane.fake,Mongolia,"{""project_type"": ""Methane Leak Repair"", ""status"": ""VVB"", ""hectares"": NaN, ""credits"": NaN}"
D006,developer,CarbonRoots India,['Carbon Roots India'],Rahul Mehra,rahul.m@carbonroots.fake,India,"{""project_type"": ""Afforestation / ARR"", ""status"": ""Registered"", ""hectares"": 4000.0, ""credits"": 16000.0}"
D007,developer,AquaTerra Agro,['Aqua Terra Agro'],Lucia Fernandez,lucia@aquaterra.fake,Brazil,"{""project_type"": ""ARR (smallholder)"", ""status"": ""Feasibility"", ""hectares"": 600.0, ""credits"": 2400.0}"
D008,developer,DeltaBiochar,['Delta Biochar Co'],Putri Sari,putri.s@deltabio.fake,Indonesia,"{""project_type"": ""Biochar pilot"", ""status"": ""Feasibility"", ""hectares"": 150.0, ""credits"": 600.0}"
D009,developer,SaharaGreen,"['Sahara Green""']",Mamadou Keita,m.keita@saharagreen.fake,Senegal,"{""project_type"": ""ARR"", ""status"": ""Registered"", ""hectares"": 5000.0, ""credits"": 20000.0}"
D010,developer,SteppeGasFix,['Steppe Gas Fix'],Galina Petrova,galina.p@steppegas.fake,Kazakhstan,"{""project_type"": ""Methane Leak Repair"", ""status"": ""Pipeline"", ""hectares"": NaN, ""credits"": 5000.0}"
D011,developer,ValleyAgro,['Valley Agro'],Nguyen Van Minh,ng.minh@valleyagro.fake,Vietnam,"{""project_type"": ""AWD (rice)"", ""status"": ""Registered"", ""hectares"": 350.0, ""credits"": 14000.0}"
D012,developer,AndesReforest,"['Andes Reforest""']",Clara Mendoza,clara.m@andesref.fake,Peru,"{""project_type"": ""ARR"", ""status"": ""Feasibility"", ""hectares"": 1800.0, ""credits"": 7200.0}"
D013,developer,SierraWaters,['Sierra Waters Conservation'],Carlos Herrera,c.herrera@serrawaters.fake,Colombia,"{""project_type"": ""Mangrove Restoration"", ""status"": ""Feasibility"", ""hectares"": 300.0, ""credits"": 1200.0}"
D014,developer,HighlandAgro,['Highland Agro Ltd'],Sita Gurung,sita@highland.fake,Nepal,"{""project_type"": ""Afforestation / Agroforestry"", ""status"": ""Pipeline"", ""hectares"": NaN, ""credits"": NaN}"
D015,developer,UrbanGreen,['Urban Green Labs'],Anjali Rao,anjali@urbangreen.fake,India,"{""project_type"": ""Urban Afforestation"", ""status"": ""Feasibility"", ""hectares"": 25.0, ""credits"": 100.0}"
I001,investor,NorthStar Climate Fund,[],Jake Porter,jake.porter@northstar.fake,,"{""region_focus"": ""Global"", ""sector_focus"": ""NbS, ARR, REDD+"", ""ticket_min"": 25, ""ticket_max"": 200, ""currency"": ""USD""}"
I002,investor,Triage Capital,[],Lia Chen,lia@triage.fake,,"{""region_focus"": ""Europe"", ""sector_focus"": ""ARR, AWD"", ""ticket_min"": 25, ""ticket_max"": 50, ""currency"": ""USD""}"
I003,investor,Summit Green Partners,[],Rajat Singh,rajat@summitgreen.fake,,"{""region_focus"": ""Asia"", ""sector_focus"": ""Agriculture, Restoration, Agroforestry"", ""ticket_min"": 10, ""ticket_max"": 75, ""currency"": ""USD""}"
I004,investor,Zenith Impact,[],Mariana Sol,mariana.sol@zenith.fake,,"{""region_focus"": ""Latin America"", ""sector_focus"": ""ARR, Mangroves, Community projects"", ""ticket_min"": 5, ""ticket_max"": 30, ""currency"": ""EUR""}"
I005,investor,BlueOak Investors,[],Aminata Diallo,aminata@blueoak.fake,,"{""region_focus"": ""Africa"", ""sector_focus"": ""ARR, REDD+, NbS"", ""ticket_min"": 15, ""ticket_max"": 100, ""currency"": ""USD""}"
I006,investor,Helios Infrastructure,[],Oliver Reeves,oliver@helios.fake,,"{""region_focus"": ""Global"", ""sector_focus"": ""Large-scale NbS, Timber, Infrastructure"", ""ticket_min"": 50, ""ticket_max"": 300, ""currency"": ""USD""}"
I007,investor,VerdeVentures,[],Camila Ortega,camila@verdeventures.fake,,"{""region_focus"": ""South America"", ""sector_focus"": ""Early-stage ARR, Agroforestry"", ""ticket_min"": 2, ""ticket_max"": 15, ""currency"": ""USD""}"
I008,investor,Atlas Carbon Partners,[],Arjun Mehta,arjun@atlascarbon.fake,,"{""region_focus"": ""Asia"", ""sector_focus"": ""Methane mitigation, ARR, Tech pilots"", ""ticket_min"": 20, ""ticket_max"": 80, ""currency"": ""USD""}"
I009,investor,GreenBridge Capital,[],Sophie Laurent,sophie@greenbridge.fake,,"{""region_focus"": ""Europe"", ""sector_focus"": ""NbS, Biochar, Blended structures"", ""ticket_min"": 30, ""ticket_max"": 200, ""currency"": ""EUR""}"
I010,investor,LocalDev Bank,[],R. Kumar,rmk@localdev.fake,,"{""region_focus"": ""India"", ""sector_focus"": ""Rural development, AGRI, Smallholder"", ""ticket_min"": 200000000, ""ticket_max"": 2000000000, ""currency"": ""INR""}"
I011,investor,Pacific Impact Fund,[],Maya Tan,maya@pacificimpact.fake,,"{""region_focus"": ""Asia-Pacific"", ""sector_focus"": ""Mangroves, Coastal NbS"", ""ticket_min"": 5, ""ticket_max"": 50, ""currency"": ""USD""}"
I012,investor,EuroGreen Partners,[],Thomas Becker,thomas@eurogreen.fake,,"{""region_focus"": ""Europe"", ""sector_focus"": ""Timber, Large ARR, Carbon Removal"", ""ticket_min"": 10, ""ticket_max"": 150, ""currency"": ""EUR""}"
